setting,seed,accuracy,macro_precision,macro_recall,macro_f1,loss,best_validation_test_accuracy,best_validation_round,r80_round,r80_effective_epochs,examples_seen,optimizer_steps,training_seconds
centralized,42,0.9012,0.9008834526457076,0.9012,0.9008505773820273,0.2704842529296875,0.9012,30,2.0,2.0,1620000,25320,479.0296506249979
centralized,43,0.9,0.9008454777776318,0.9,0.8989773556861597,0.2838971435546875,0.9014,29,2.0,2.0,1620000,25320,478.5476889569982
centralized,44,0.9028,0.9020848784356328,0.9027999999999998,0.9014972090787815,0.27245703125,0.8983,28,2.0,2.0,1620000,25320,480.42426524999973
iid,42,0.8263,0.8350465688876542,0.8263,0.8284190549188588,0.47109970703125,0.83,29,17.0,17.0,1620000,25500,483.21358408299784
iid,43,0.8377,0.8395153775911481,0.8377000000000001,0.8379127207111106,0.45188251953125,0.8377,30,14.0,14.0,1620000,25500,484.7720429580004
iid,44,0.8336,0.8325967247831407,0.8335999999999999,0.8287027689626412,0.453551416015625,0.8375,29,15.0,15.0,1620000,25500,510.6968720830009
mild_non_iid,42,0.8172,0.8145253957039259,0.8172,0.8124897036770248,0.491942138671875,0.8172,30,21.0,21.0,1620000,25500,509.6393847500003
mild_non_iid,43,0.8201,0.8195789752183126,0.8201,0.8161921201457382,0.48475166015625,0.8291,29,18.0,18.0,1620000,25500,509.2123419999989
mild_non_iid,44,0.8205,0.8167450132890781,0.8205,0.8175046435384162,0.485704736328125,0.8205,30,20.0,20.0,1620000,25500,510.1208640420009
strong_non_iid,42,0.7674,0.7529323366039773,0.7674,0.7511488771262419,0.598610107421875,0.7726,29,,,1620000,25500,510.39209208399916
strong_non_iid,43,0.7855,0.7862219545273156,0.7855000000000001,0.7856459310340854,0.564333984375,0.7821,29,,,1620000,25500,461.74207645799834
strong_non_iid,44,0.779,0.7679905897674996,0.7790000000000001,0.7685784224873735,0.58864208984375,0.779,29,,,1620000,25500,461.45813024999734
strong_e3,42,0.7713,0.76156755634519,0.7713,0.7598246985092021,0.600715771484375,0.7713,10,,,1620000,25500,445.80859816700104
strong_e3,43,0.7832,0.7763332773104288,0.7832,0.7779286274545701,0.562266845703125,0.7832,10,,,1620000,25500,432.27420766700016
strong_e3,44,0.7787,0.7757259913606065,0.7787000000000001,0.7756960521883542,0.5883177734375,0.7787,10,,,1620000,25500,490.0714640419974
