,,precision,precision,recall,recall,f1,f1
,,mean,std,mean,std,mean,std
setting,class,,,,,,
centralized,0,0.8594212921111231,0.01524496640948824,0.8450000000000001,0.017776388834631195,0.8519360852499118,0.0017134818438211516
centralized,1,0.9895400520686309,0.0011377413840020125,0.9773333333333333,0.0025166114784235635,0.9833967407459397,0.0008949382972161778
centralized,2,0.8606943964213566,0.021996155660547086,0.835,0.023895606290697015,0.8472514310181639,0.0043708270431380754
centralized,3,0.865732581599866,0.0018877222512506849,0.9326666666666666,0.009609023536933018,0.8979312637845024,0.0035261410436302687
centralized,4,0.810217133637647,0.0425557803922281,0.8683333333333333,0.05315386470740711,0.8364648015795838,0.00445589595433675
centralized,5,0.9719665886146971,0.006135891233244344,0.981,0.0036055512754640004,0.9764476002688692,0.0019354760542698688
centralized,6,0.7637338760057283,0.022127900838683035,0.6796666666666668,0.03523256069793009,0.7184747955113145,0.009458192707747374
centralized,7,0.9528099049616278,0.013764897449673163,0.9553333333333334,0.021007935008784923,0.9538588119898859,0.0035953827470122674
centralized,8,0.972204146341435,0.00574723916530466,0.9780000000000001,0.004582575694955838,0.9750769840781959,0.0017446442238004795
centralized,9,0.9663927244344627,0.013713194784829663,0.961,0.011532562594670809,0.9635786262635282,0.0010543869358221542
iid,0,0.7801020360272504,0.015508531346547828,0.797,0.023388031127052924,0.7881438735917667,0.0033966283791720168
iid,1,0.9775323894349709,0.003640106808014791,0.957,0.0036055512754640234,0.9671550532108517,0.0031585055229495854
iid,2,0.7981524330644695,0.014763178254513279,0.661,0.03671511950137167,0.7227251120240862,0.023400114681260988
iid,3,0.8176663017305476,0.002765535813947482,0.8623333333333333,0.01137248140615468,0.8393678084321827,0.003922815118334476
iid,4,0.7125371409706173,0.054644152678461726,0.7703333333333333,0.07259706146486464,0.7368002273373118,0.013286748827725783
iid,5,0.9494739008213263,0.0039104095384291625,0.92,0.014000000000000014,0.9344509191210958,0.005834100201902322
iid,6,0.5622012056604583,0.07190929371866756,0.545,0.11510430052782562,0.5426811157144782,0.032508708659581796
iid,7,0.8887926922144889,0.0066106545192743315,0.9289999999999999,0.010148891565092204,0.9084007291257392,0.001396496211837634
iid,8,0.9354298850394196,0.00814021537996021,0.9496666666666668,0.011150485789118434,0.9424316242110359,0.0024458633818351333
iid,9,0.935307585909595,0.007182108048385831,0.934,0.006244997998398377,0.9346253525401543,0.0024499645644451623
mild_non_iid,0,0.7532103704091049,0.02719452987897908,0.8096666666666668,0.024542480178933238,0.779858742458918,0.00516828623925784
mild_non_iid,1,0.9753181531579176,0.010727341854947042,0.9453333333333332,0.006110100926607807,0.9600660638080217,0.006093859834246636
mild_non_iid,2,0.7160670281737312,0.0612959543363952,0.7120000000000001,0.09689169211031458,0.7082235764655483,0.016151733128711675
mild_non_iid,3,0.7761711396402964,0.013112662960490348,0.8803333333333333,0.01942506971244464,0.8247811576930765,0.004209444447485951
mild_non_iid,4,0.7072435959640977,0.060809414103081556,0.7056666666666667,0.10110555540292204,0.7002092932132035,0.025147958889987165
mild_non_iid,5,0.9221444643816487,0.008245398026417237,0.935,0.010148891565092188,0.9284948124760367,0.0062712833476806385
mild_non_iid,6,0.5658717757232316,0.008837585630234214,0.43533333333333335,0.03219213154380018,0.4916614175628475,0.021571876832298838
mild_non_iid,7,0.9021252431954908,0.01132388195236717,0.8906666666666667,0.029365512652316104,0.8960524790273032,0.009669342499814645
mild_non_iid,8,0.9353233417082882,0.0034473957745025617,0.94,0.0036055512754639154,0.9376556845045506,0.0034955481506734605
mild_non_iid,9,0.9160228350172485,0.020307752245706776,0.9386666666666666,0.017953644012660218,0.9269516639944252,0.0039705158168107085
strong_e3,0,0.7457720283196085,0.027102220220369122,0.771,0.01907878402833893,0.7577086035163924,0.00477462930079769
strong_e3,1,0.9620688444771899,0.009999685249288959,0.923,0.01907878402833891,0.9421075572939085,0.014463068150297572
strong_e3,2,0.6181598559846112,0.03900826842956866,0.6556666666666667,0.02739221300540239,0.6352174776532459,0.00995116034476147
strong_e3,3,0.7528661104923957,0.012985050567994491,0.8236666666666667,0.015176736583776244,0.7865657683097537,0.008080668569394208
strong_e3,4,0.6182971448343352,0.04449005712185212,0.7236666666666666,0.03286842456421258,0.6653957457260228,0.013323706996962073
strong_e3,5,0.9147393373290521,0.010771657660900616,0.8693333333333334,0.036226141573915065,0.8912357488971324,0.021462090013313367
strong_e3,6,0.424340242059787,0.012247734561067274,0.27233333333333337,0.0743796567169635,0.32752431224886397,0.056987942993893925
strong_e3,7,0.8430568011610075,0.036711131018028816,0.8946666666666667,0.014047538337136997,0.8675957391149627,0.012761129054050259
strong_e3,8,0.9321337752409042,0.005690473787317396,0.9203333333333333,0.011590225767142517,0.9261805396243905,0.007949147483368255
strong_e3,9,0.90065527682186,0.00871184643292414,0.9236666666666666,0.00814452781524709,0.911966434789082,0.0019275197738404574
strong_non_iid,0,0.7297671754001285,0.0262771640755662,0.789,0.031096623610932402,0.7575611838044257,0.008404726346992047
strong_non_iid,1,0.9568793923675584,0.010172648981344071,0.9243333333333333,0.023860706890897657,0.9402314869245773,0.014856130720613753
strong_non_iid,2,0.6338179963530411,0.031206342461894774,0.6363333333333333,0.03253203549323856,0.6342201801594954,0.014599795458485781
strong_non_iid,3,0.7495606108490498,0.01911041835947214,0.8286666666666666,0.026159765544311202,0.7868000670659061,0.01080771104007676
strong_non_iid,4,0.6154379781993121,0.0516149322406571,0.7193333333333333,0.038656607887052524,0.6613074247694172,0.013375335444301485
strong_non_iid,5,0.8854633437971554,0.024307939050870735,0.9026666666666667,0.018175074506954145,0.8939307830805476,0.01994998004466661
strong_non_iid,6,0.4288786410355614,0.02362313276890983,0.26899999999999996,0.1538440769090575,0.3146418530959594,0.11453378672965273
strong_non_iid,7,0.8785725285442959,0.01642151664756572,0.8533333333333334,0.012662279942148379,0.8657603042475136,0.014193632300520396
strong_non_iid,8,0.9301784089060522,0.010658021444211824,0.91,0.0075498344352707605,0.9199758160262812,0.008981017746831202
strong_non_iid,9,0.881926860877153,0.007835171712608741,0.9403333333333334,0.008386497083606026,0.9101483363182123,0.0017401633102016288
