setting,seed,class,precision,recall,f1,support
centralized,42,0,0.8479763079960513,0.859,0.8534525583705912,1000
centralized,42,1,0.9908536585365854,0.975,0.9828629032258065,1000
centralized,42,2,0.8476286579212916,0.84,0.8437970868910095,1000
centralized,42,3,0.866852886405959,0.931,0.8977820636451301,1000
centralized,42,4,0.8522012578616353,0.813,0.8321392016376663,1000
centralized,42,5,0.9693372898120672,0.98,0.9746394828443561,1000
centralized,42,6,0.7389516957862282,0.719,0.728839330968069,1000
centralized,42,7,0.952191235059761,0.956,0.9540918163672655,1000
centralized,42,8,0.9750996015936255,0.979,0.9770459081836327,1000
centralized,42,9,0.967741935483871,0.96,0.963855421686747,1000
centralized,43,0,0.8767268862911796,0.825,0.8500772797527048,1000
centralized,43,1,0.9889001009081736,0.98,0.9844299347061778,1000
centralized,43,2,0.8860898138006572,0.809,0.8457919498170413,1000
centralized,43,3,0.8667917448405253,0.924,0.8944820909970959,1000
centralized,43,4,0.7671118530884808,0.919,0.8362147406733395,1000
centralized,43,5,0.9675834970530451,0.985,0.9762140733399405,1000
centralized,43,6,0.7707373271889401,0.669,0.7162740899357601,1000
centralized,43,7,0.9668737060041408,0.934,0.9501525940996948,1000
centralized,43,8,0.9655850540806293,0.982,0.9737233515121467,1000
centralized,43,9,0.952054794520548,0.973,0.9624134520276953,1000
centralized,44,0,0.8535606820461384,0.851,0.8522784176264396,1000
centralized,44,1,0.9888663967611336,0.977,0.9828973843058351,1000
centralized,44,2,0.848364717542121,0.856,0.852165256346441,1000
centralized,44,3,0.8635531135531136,0.943,0.9015296367112811,1000
centralized,44,4,0.8113382899628253,0.873,0.8410404624277457,1000
centralized,44,5,0.978978978978979,0.978,0.9784892446223111,1000
centralized,44,6,0.7815126050420168,0.651,0.7103109656301145,1000
centralized,44,7,0.9393647738209817,0.976,0.9573320255026974,1000
centralized,44,8,0.9759277833500501,0.973,0.9744616925388082,1000
centralized,44,9,0.979381443298969,0.95,0.9644670050761421,1000
iid,42,0,0.7877263581488934,0.783,0.7853560682046138,1000
iid,42,1,0.9764344262295082,0.953,0.9645748987854251,1000
iid,42,2,0.7997416020671835,0.619,0.6978579481397971,1000
iid,42,3,0.8201923076923077,0.853,0.8362745098039216,1000
iid,42,4,0.7510729613733905,0.7,0.7246376811594203,1000
iid,42,5,0.9538784067085954,0.91,0.9314227226202662,1000
iid,42,6,0.49921996879875197,0.64,0.5609114811568799,1000
iid,42,7,0.8896353166986565,0.927,0.9079333986287953,1000
iid,42,8,0.9445564516129032,0.937,0.9407630522088354,1000
iid,42,9,0.928007889546351,0.941,0.9344587884806356,1000
iid,43,0,0.7903225806451613,0.784,0.7871485943775101,1000
iid,43,1,0.9815950920245399,0.96,0.9706774519716885,1000
iid,43,2,0.8120567375886525,0.687,0.7443120260021668,1000
iid,43,3,0.8180952380952381,0.859,0.8380487804878048,1000
iid,43,4,0.7365384615384616,0.766,0.7509803921568627,1000
iid,43,5,0.9464105156723963,0.936,0.9411764705882353,1000
iid,43,6,0.5468306527909177,0.578,0.5619834710743802,1000
iid,43,7,0.8949416342412452,0.92,0.9072978303747534,1000
iid,43,8,0.9328140214216164,0.958,0.9452392698569314,1000
iid,43,9,0.9355488418932527,0.929,0.9322629202207727,1000
iid,44,0,0.7622571692876966,0.824,0.7919269581931764,1000
iid,44,1,0.9745676500508647,0.958,0.9662128088754413,1000
iid,44,2,0.7826589595375723,0.677,0.7260053619302949,1000
iid,44,3,0.8147113594040968,0.875,0.8437801350048216,1000
iid,44,4,0.65,0.845,0.7347826086956522,1000
iid,44,5,0.9481327800829875,0.914,0.9307535641547862,1000
iid,44,6,0.6405529953917051,0.417,0.5051483949121744,1000
iid,44,7,0.8818011257035647,0.94,0.9099709583736689,1000
iid,44,8,0.928919182083739,0.954,0.9412925505673408,1000
iid,44,9,0.942366026289181,0.932,0.9371543489190548,1000
mild_non_iid,42,0,0.723037100949094,0.838,0.776285317276517,1000
mild_non_iid,42,1,0.9670781893004116,0.94,0.9533468559837728,1000
mild_non_iid,42,2,0.7696078431372549,0.628,0.6916299559471366,1000
mild_non_iid,42,3,0.7866300366300366,0.859,0.8212237093690249,1000
mild_non_iid,42,4,0.6504934210526315,0.791,0.7138989169675091,1000
mild_non_iid,42,5,0.9287863590772317,0.926,0.927391086629945,1000
mild_non_iid,42,6,0.5610098176718092,0.4,0.46701692936368944,1000
mild_non_iid,42,7,0.8902912621359224,0.917,0.903448275862069,1000
mild_non_iid,42,8,0.9372509960159362,0.941,0.9391217564870259,1000
mild_non_iid,42,9,0.9310689310689311,0.932,0.9315342328835582,1000
mild_non_iid,43,0,0.7607655502392344,0.795,0.7775061124694377,1000
mild_non_iid,43,1,0.9874476987447699,0.944,0.9652351738241309,1000
mild_non_iid,43,2,0.6492063492063492,0.818,0.7238938053097345,1000
mild_non_iid,43,3,0.7614601018675722,0.897,0.8236914600550964,1000
mild_non_iid,43,4,0.7714285714285715,0.594,0.6711864406779661,1000
mild_non_iid,43,5,0.9247311827956989,0.946,0.935244686109738,1000
mild_non_iid,43,6,0.576072821846554,0.443,0.500847936687394,1000
mild_non_iid,43,7,0.9032258064516129,0.896,0.8995983935742972,1000
mild_non_iid,43,8,0.937375745526839,0.943,0.9401794616151545,1000
mild_non_iid,43,9,0.9240759240759241,0.925,0.9245377311344328,1000
mild_non_iid,44,0,0.7758284600389863,0.796,0.7857847976307996,1000
mild_non_iid,44,1,0.9714285714285714,0.952,0.9616161616161616,1000
mild_non_iid,44,2,0.7293868921775899,0.69,0.7091469681397738,1000
mild_non_iid,44,3,0.7804232804232805,0.885,0.8294283036551078,1000
mild_non_iid,44,4,0.6998087954110899,0.732,0.7155425219941349,1000
mild_non_iid,44,5,0.9129158512720157,0.933,0.9228486646884273,1000
mild_non_iid,44,6,0.5605326876513317,0.463,0.5071193866374589,1000
mild_non_iid,44,7,0.9128586609989373,0.859,0.8851107676455435,1000
mild_non_iid,44,8,0.9313432835820895,0.936,0.9336658354114713,1000
mild_non_iid,44,9,0.8929236499068901,0.959,0.9247830279652844,1000
strong_non_iid,42,0,0.6998284734133791,0.816,0.7534626038781164,1000
strong_non_iid,42,1,0.9542553191489361,0.897,0.9247422680412372,1000
strong_non_iid,42,2,0.6001796945193172,0.668,0.6322763842877426,1000
strong_non_iid,42,3,0.7298245614035088,0.832,0.7775700934579439,1000
strong_non_iid,42,4,0.5780392156862745,0.737,0.6479120879120879,1000
strong_non_iid,42,5,0.8844621513944223,0.888,0.8862275449101796,1000
strong_non_iid,42,6,0.4066265060240964,0.135,0.20270270270270271,1000
strong_non_iid,42,7,0.8698347107438017,0.842,0.8556910569105691,1000
strong_non_iid,42,8,0.9323076923076923,0.909,0.920506329113924,1000
strong_non_iid,42,9,0.8739650413983441,0.95,0.9103977000479156,1000
strong_non_iid,43,0,0.7490079365079365,0.755,0.75199203187251,1000
strong_non_iid,43,1,0.9681069958847737,0.941,0.9543610547667343,1000
strong_non_iid,43,2,0.6394485683987274,0.603,0.6206896551724138,1000
strong_non_iid,43,3,0.7679769894534996,0.801,0.7841409691629956,1000
strong_non_iid,43,4,0.6743256743256744,0.675,0.6746626686656672,1000
strong_non_iid,43,5,0.9102564102564102,0.923,0.916583912611718,1000
strong_non_iid,43,6,0.42634146341463414,0.437,0.43160493827160495,1000
strong_non_iid,43,7,0.8975155279503105,0.867,0.8819938962360122,1000
strong_non_iid,43,8,0.9396110542476971,0.918,0.928679817905918,1000
strong_non_iid,43,9,0.8896289248334919,0.935,0.9117503656752803,1000
strong_non_iid,44,0,0.7404651162790697,0.796,0.7672289156626506,1000
strong_non_iid,44,1,0.9482758620689655,0.935,0.9415911379657603,1000
strong_non_iid,44,2,0.6618257261410788,0.638,0.6496945010183299,1000
strong_non_iid,44,3,0.7508802816901409,0.853,0.798689138576779,1000
strong_non_iid,44,4,0.5939490445859873,0.746,0.6613475177304965,1000
strong_non_iid,44,5,0.861671469740634,0.897,0.8789808917197452,1000
strong_non_iid,44,6,0.45366795366795365,0.235,0.3096179183135705,1000
strong_non_iid,44,7,0.8683673469387755,0.851,0.8595959595959596,1000
strong_non_iid,44,8,0.9186164801627671,0.903,0.9107413010590015,1000
strong_non_iid,44,9,0.882186616399623,0.936,0.9082969432314411,1000
strong_e3,42,0,0.7231897341888176,0.789,0.7546628407460545,1000
strong_e3,42,1,0.9505263157894737,0.903,0.9261538461538461,1000
strong_e3,42,2,0.6247637051039697,0.661,0.6423712342079689,1000
strong_e3,42,3,0.7396396396396396,0.821,0.7781990521327015,1000
strong_e3,42,4,0.5820552147239264,0.759,0.6588541666666666,1000
strong_e3,42,5,0.918859649122807,0.838,0.8765690376569037,1000
strong_e3,42,6,0.43207126948775054,0.194,0.26777087646652864,1000
strong_e3,42,7,0.8143497757847533,0.908,0.858628841607565,1000
strong_e3,42,8,0.9275653923541247,0.922,0.9247743229689067,1000
strong_e3,42,9,0.9026548672566371,0.918,0.9102627664848786,1000
strong_e3,43,0,0.7382999044890163,0.773,0.7552515876893015,1000
strong_e3,43,1,0.9681069958847737,0.941,0.9543610547667343,1000
strong_e3,43,2,0.576271186440678,0.68,0.6238532110091743,1000
strong_e3,43,3,0.7655954631379962,0.81,0.7871720116618076,1000
strong_e3,43,4,0.6679499518768046,0.694,0.6807258460029426,1000
strong_e3,43,5,0.9228426395939087,0.909,0.9158690176322418,1000
strong_e3,43,6,0.41021897810218977,0.281,0.3335311572700297,1000
strong_e3,43,7,0.8844221105527639,0.88,0.8822055137844611,1000
strong_e3,43,8,0.938508064516129,0.931,0.9347389558232931,1000
strong_e3,43,9,0.8911174785100286,0.933,0.9115779189057157,1000
strong_e3,44,0,0.7758264462809917,0.751,0.7632113821138211,1000
strong_e3,44,1,0.9675732217573222,0.925,0.9458077709611452,1000
strong_e3,44,2,0.6534446764091858,0.626,0.6394279877425945,1000
strong_e3,44,3,0.7533632286995515,0.84,0.7943262411347518,1000
strong_e3,44,4,0.6048862679022746,0.718,0.6566072245084591,1000
strong_e3,44,5,0.9025157232704403,0.861,0.8812691914022518,1000
strong_e3,44,6,0.43073047858942065,0.342,0.38127090301003347,1000
strong_e3,44,7,0.830398517145505,0.896,0.8619528619528619,1000
strong_e3,44,8,0.930327868852459,0.908,0.9190283400809717,1000
strong_e3,44,9,0.9081934846989141,0.92,0.9140586189766517,1000
