round,effective_epochs,examples_seen,optimizer_steps,weighted_local_train_loss,global_val_loss,global_val_accuracy,global_val_macro_f1,elapsed_seconds
0,0,0,0,0,2.310534830729167,0.101,0.06954241934745464,0
1,3,162000,2550,0.6582713818962191,1.7543875325520832,0.477,0.411147998339514,48.23150108400296
2,6,324000,5100,0.4094415629822531,0.9861769205729166,0.685,0.6661273946079648,95.07502162500168
3,9,486000,7650,0.32375407353153934,0.7702957356770833,0.7305,0.7203588439706035,139.2952265840031
4,12,648000,10200,0.2922835663218557,0.6922037760416667,0.7481666666666666,0.7385995109671596,183.54196291700282
5,15,810000,12750,0.27407707760657796,0.6635220947265625,0.7546666666666667,0.7438176084914617,227.16426970900284
6,18,972000,15300,0.262635038399402,0.6387198079427083,0.7588333333333334,0.7451460777032679,270.99379925000176
7,21,1134000,17850,0.252709285783179,0.6158437906901042,0.7678333333333334,0.7620605183244591,314.6656272090004
8,24,1296000,20400,0.24499904302903164,0.599181884765625,0.7691666666666667,0.7600917453202681,358.339272084002
9,27,1458000,22950,0.23691570366753473,0.5868269449869792,0.7783333333333333,0.7716554288102124,402.04050091700265
10,30,1620000,25500,0.2301577796465085,0.5786418863932292,0.7788333333333334,0.7674704373275272,445.80859816700104
